-- ============================================
-- 시드 데이터 — 포천 한옥 프로젝트
-- ============================================

-- User IDs (from auth.users)
-- 성훈: 220b1d64-6d54-4a00-998b-612dd02a6d62
-- 태수: 69e51d46-483c-4a5c-9824-919c674726e9

-- 1. 프로젝트
INSERT INTO projects (id, name, description, address) VALUES
  ('a1b2c3d4-0000-0000-0000-000000000001', '포천 한옥', '포천 한옥 인테리어 프로젝트', '경기도 포천시');

-- 2. 프로젝트 멤버
INSERT INTO project_members (project_id, user_id, role) VALUES
  ('a1b2c3d4-0000-0000-0000-000000000001', '220b1d64-6d54-4a00-998b-612dd02a6d62', 'owner'),
  ('a1b2c3d4-0000-0000-0000-000000000001', '69e51d46-483c-4a5c-9824-919c674726e9', 'member');

-- 3. 공간 (spaces)
INSERT INTO spaces (id, project_id, name, icon_key, color, sort_order, floor_x, floor_y, floor_width, floor_height) VALUES
  ('50000000-0000-0000-0000-000000000001', 'a1b2c3d4-0000-0000-0000-000000000001', '화장실', 'bathroom', '#6BA3BE', 0, 20, 20, 160, 150),
  ('50000000-0000-0000-0000-000000000002', 'a1b2c3d4-0000-0000-0000-000000000001', '거실', 'living', '#8B9E6B', 1, 200, 20, 240, 200),
  ('50000000-0000-0000-0000-000000000003', 'a1b2c3d4-0000-0000-0000-000000000001', '안방', 'bedroom', '#C4956A', 2, 200, 240, 240, 170),
  ('50000000-0000-0000-0000-000000000004', 'a1b2c3d4-0000-0000-0000-000000000001', '부엌', 'kitchen', '#D4A574', 3, 20, 190, 160, 220),
  ('50000000-0000-0000-0000-000000000005', 'a1b2c3d4-0000-0000-0000-000000000001', '현관', 'entrance', '#9B8B7A', 4, 460, 20, 120, 120);

-- 4. 시공업자
INSERT INTO contractors (id, project_id, name, contact_name, phone, specialty, rating, notes) VALUES
  ('c1000000-0000-0000-0000-000000000001', 'a1b2c3d4-0000-0000-0000-000000000001', '△△건설', '김사장', '010-1234-5678', ARRAY['배관','타일','시멘트'], 4, '성실하고 꼼꼼함'),
  ('c1000000-0000-0000-0000-000000000002', 'a1b2c3d4-0000-0000-0000-000000000001', '□□전기', '이기사', '010-2345-6789', ARRAY['전기','조명'], 5, '전기 전문, 응답 빠름'),
  ('c1000000-0000-0000-0000-000000000003', 'a1b2c3d4-0000-0000-0000-000000000001', '◇◇도배', '박사장', '010-3456-7890', ARRAY['도배','페인트'], 3, NULL);

-- 5. 보드 항목 — 화장실
INSERT INTO board_items (id, project_id, space_id, category, status, decision_content, estimated_budget, cost_material, cost_labor, cost_delivery, spec_width, spec_height, spec_area, spec_color, spec_model_name, spec_product_code, contractor_id, construction_date, construction_end_date, construction_notes, sort_order) VALUES
  ('b1000000-0000-0000-0000-000000000001', 'a1b2c3d4-0000-0000-0000-000000000001', '50000000-0000-0000-0000-000000000001', '바닥', 'decided', '마이크로 시멘트', 2000000, 1200000, 500000, 50000, '3.2m', '2.4m', '7.68㎡', '그레이 톤', 'MC-201', 'MCG-201-GR', 'c1000000-0000-0000-0000-000000000001', '2026-04-10', '2026-04-12', '방수 처리 먼저 해야 함. 건조 기간 최소 3일.', 0),
  ('b1000000-0000-0000-0000-000000000002', 'a1b2c3d4-0000-0000-0000-000000000001', '50000000-0000-0000-0000-000000000001', '벽', 'has_candidates', NULL, 1500000, NULL, NULL, NULL, '벽 둘레 8.4m', '2.4m', '20.16㎡', NULL, NULL, NULL, NULL, NULL, NULL, NULL, 1),
  ('b1000000-0000-0000-0000-000000000003', 'a1b2c3d4-0000-0000-0000-000000000001', '50000000-0000-0000-0000-000000000001', '세면대', 'decided', '분청 도자기', 800000, 450000, NULL, 50000, '60cm', '45cm', NULL, '분청 유약', '분청 라운드볼', 'BC-RD-01', NULL, NULL, NULL, NULL, 2),
  ('b1000000-0000-0000-0000-000000000004', 'a1b2c3d4-0000-0000-0000-000000000001', '50000000-0000-0000-0000-000000000001', '수전', 'purchased', '무광 블랙', 300000, 250000, NULL, 30000, NULL, NULL, NULL, '무광 블랙', 'BK-MONO-500', 'BKM500', NULL, NULL, NULL, NULL, 3),
  ('b1000000-0000-0000-0000-000000000005', 'a1b2c3d4-0000-0000-0000-000000000001', '50000000-0000-0000-0000-000000000001', '조명', 'undecided', NULL, 200000, NULL, NULL, NULL, NULL, NULL, NULL, NULL, NULL, NULL, NULL, NULL, NULL, NULL, 4);

-- 6. 보드 항목 — 거실
INSERT INTO board_items (id, project_id, space_id, category, status, decision_content, estimated_budget, cost_material, cost_labor, spec_area, spec_color, sort_order) VALUES
  ('b1000000-0000-0000-0000-000000000006', 'a1b2c3d4-0000-0000-0000-000000000001', '50000000-0000-0000-0000-000000000002', '바닥', 'has_candidates', NULL, 5000000, NULL, NULL, '28㎡', NULL, 0),
  ('b1000000-0000-0000-0000-000000000007', 'a1b2c3d4-0000-0000-0000-000000000001', '50000000-0000-0000-0000-000000000002', '벽', 'decided', '한지 벽지', 2000000, 1200000, 600000, '45㎡', '내추럴 아이보리', 1),
  ('b1000000-0000-0000-0000-000000000008', 'a1b2c3d4-0000-0000-0000-000000000001', '50000000-0000-0000-0000-000000000002', '천장', 'undecided', NULL, 1000000, NULL, NULL, NULL, NULL, 2),
  ('b1000000-0000-0000-0000-000000000009', 'a1b2c3d4-0000-0000-0000-000000000001', '50000000-0000-0000-0000-000000000002', '조명', 'has_candidates', NULL, 1500000, NULL, NULL, NULL, NULL, 3);

-- 7. 보드 항목 — 안방
INSERT INTO board_items (id, project_id, space_id, category, status, estimated_budget, sort_order) VALUES
  ('b1000000-0000-0000-0000-000000000010', 'a1b2c3d4-0000-0000-0000-000000000001', '50000000-0000-0000-0000-000000000003', '바닥', 'undecided', 3000000, 0),
  ('b1000000-0000-0000-0000-000000000011', 'a1b2c3d4-0000-0000-0000-000000000001', '50000000-0000-0000-0000-000000000003', '벽', 'undecided', 1500000, 1),
  ('b1000000-0000-0000-0000-000000000012', 'a1b2c3d4-0000-0000-0000-000000000001', '50000000-0000-0000-0000-000000000003', '천장', 'undecided', 800000, 2),
  ('b1000000-0000-0000-0000-000000000013', 'a1b2c3d4-0000-0000-0000-000000000001', '50000000-0000-0000-0000-000000000003', '조명', 'undecided', 500000, 3),
  ('b1000000-0000-0000-0000-000000000014', 'a1b2c3d4-0000-0000-0000-000000000001', '50000000-0000-0000-0000-000000000003', '붙박이장', 'undecided', 2000000, 4);

-- 8. 보드 항목 — 부엌
INSERT INTO board_items (id, project_id, space_id, category, status, decision_content, estimated_budget, cost_material, cost_labor, cost_delivery, spec_area, spec_color, spec_model_name, sort_order) VALUES
  ('b1000000-0000-0000-0000-000000000015', 'a1b2c3d4-0000-0000-0000-000000000001', '50000000-0000-0000-0000-000000000004', '바닥', 'decided', '포세린 타일', 3000000, 2000000, 700000, 100000, '12㎡', '베이지', 'PT-600B', 0),
  ('b1000000-0000-0000-0000-000000000016', 'a1b2c3d4-0000-0000-0000-000000000001', '50000000-0000-0000-0000-000000000004', '벽', 'decided', '서브웨이 타일', 2000000, 1300000, 600000, NULL, '8㎡', '화이트', 'SW-100W', 1),
  ('b1000000-0000-0000-0000-000000000017', 'a1b2c3d4-0000-0000-0000-000000000001', '50000000-0000-0000-0000-000000000004', '싱크대', 'has_candidates', NULL, 5000000, NULL, NULL, NULL, NULL, NULL, NULL, 2),
  ('b1000000-0000-0000-0000-000000000018', 'a1b2c3d4-0000-0000-0000-000000000001', '50000000-0000-0000-0000-000000000004', '조명', 'installed', '매입등 + 펜던트', 800000, 500000, 250000, NULL, NULL, NULL, NULL, 3);

-- 9. 보드 항목 — 현관
INSERT INTO board_items (id, project_id, space_id, category, status, decision_content, estimated_budget, cost_material, cost_labor, cost_delivery, sort_order) VALUES
  ('b1000000-0000-0000-0000-000000000019', 'a1b2c3d4-0000-0000-0000-000000000001', '50000000-0000-0000-0000-000000000005', '바닥', 'decided', '현무암', 1000000, 700000, 200000, 50000, 0),
  ('b1000000-0000-0000-0000-000000000020', 'a1b2c3d4-0000-0000-0000-000000000001', '50000000-0000-0000-0000-000000000005', '신발장', 'has_candidates', NULL, 1500000, NULL, NULL, NULL, 1),
  ('b1000000-0000-0000-0000-000000000021', 'a1b2c3d4-0000-0000-0000-000000000001', '50000000-0000-0000-0000-000000000005', '조명', 'undecided', NULL, 300000, NULL, NULL, NULL, 2);

-- 10. 후보 제품 — 화장실 바닥
INSERT INTO candidates (board_item_id, name, brand, price, pros, cons, rating, is_selected, sort_order) VALUES
  ('b1000000-0000-0000-0000-000000000001', 'A사 마이크로시멘트', 'A사', 1200000, '색감 자연스러움, 내구성 좋음', '가격 높음', 4, true, 0),
  ('b1000000-0000-0000-0000-000000000001', 'B사 마이크로시멘트', 'B사', 950000, '가격 저렴', '색상 선택 적음', 3, false, 1);

-- 11. 후보 제품 — 화장실 벽
INSERT INTO candidates (board_item_id, name, brand, price, pros, cons, rating, is_selected, sort_order) VALUES
  ('b1000000-0000-0000-0000-000000000002', '화이트 타일 300×600', 'XX세라믹', 800000, '깔끔', '무난', 4, false, 0),
  ('b1000000-0000-0000-0000-000000000002', '그레이 대리석 타일', 'YY스톤', 1200000, '고급스러움', '비쌈', 5, false, 1),
  ('b1000000-0000-0000-0000-000000000002', '방수 페인트', 'ZZ페인트', 400000, '저렴', '내구성 불안', 3, false, 2);

-- 12. 후보 제품 — 화장실 세면대
INSERT INTO candidates (board_item_id, name, brand, price, pros, cons, rating, is_selected, sort_order) VALUES
  ('b1000000-0000-0000-0000-000000000003', '분청 라운드볼', 'OO공방', 450000, '한옥 분위기 완벽', '제작 기간 2주', 5, true, 0),
  ('b1000000-0000-0000-0000-000000000003', '백자 각볼', 'PP도자기', 350000, '깔끔', '한옥 느낌 부족', 3, false, 1);

-- 13. 후보 제품 — 거실
INSERT INTO candidates (board_item_id, name, brand, price, pros, cons, rating, is_selected, sort_order) VALUES
  ('b1000000-0000-0000-0000-000000000006', '원목 마루', 'AA마루', 3500000, '따뜻한 느낌', '관리 필요', 4, false, 0),
  ('b1000000-0000-0000-0000-000000000006', '대리석 타일', 'BB스톤', 4200000, '고급스러움', '차가움', 4, false, 1),
  ('b1000000-0000-0000-0000-000000000009', '한지 펜던트', 'CC조명', 800000, '한옥 분위기', '밝기 부족', 5, false, 0),
  ('b1000000-0000-0000-0000-000000000009', '매입 다운라이트', 'DD조명', 600000, '깔끔', '분위기 부족', 4, false, 1),
  ('b1000000-0000-0000-0000-000000000009', '간접 조명 + 펜던트 조합', 'CC+DD', 1200000, '분위기+밝기 둘 다', '비쌈', 5, false, 2);

-- 14. 후보 제품 — 부엌 싱크대
INSERT INTO candidates (board_item_id, name, brand, price, pros, cons, rating, is_selected, sort_order) VALUES
  ('b1000000-0000-0000-0000-000000000017', '스테인리스 언더마운트', 'EE주방', 3500000, '위생적', '스크래치', 4, false, 0),
  ('b1000000-0000-0000-0000-000000000017', '인조대리석 일체형', 'FF주방', 4500000, '깔끔, 이음새 없음', '비쌈', 5, false, 1);

-- 15. 쇼룸 — 화장실 바닥
INSERT INTO board_item_showrooms (board_item_id, name, address, phone, distance_km, visit_status, rating, notes) VALUES
  ('b1000000-0000-0000-0000-000000000001', 'OO타일 쇼룸', '경기도 이천시 xx로 123', '031-123-4567', 38, 'visited', 4, '직원 친절, 샘플 다양');

-- 16. 쇼룸 — 화장실 벽
INSERT INTO board_item_showrooms (board_item_id, name, address, phone, distance_km, visit_status) VALUES
  ('b1000000-0000-0000-0000-000000000002', 'XX세라믹 쇼룸', '경기도 여주시 yy로 456', '031-456-7890', 45, 'planned');

-- 17. 쇼룸 — 화장실 세면대
INSERT INTO board_item_showrooms (board_item_id, name, address, phone, distance_km, visit_status, rating, notes) VALUES
  ('b1000000-0000-0000-0000-000000000003', 'OO 도자기 공방', '경기도 이천시 zz로 789', '031-789-0123', 38, 'visited', 5, '작가 직접 제작, 2주 소요');

-- 18. 메모
INSERT INTO board_item_memos (board_item_id, content, user_id, created_at) VALUES
  ('b1000000-0000-0000-0000-000000000001', '방수 처리 업자한테 별도 확인 필요', '220b1d64-6d54-4a00-998b-612dd02a6d62', '2026-03-10'),
  ('b1000000-0000-0000-0000-000000000001', '그레이 톤 중에서도 좀 더 따뜻한 쪽으로', '69e51d46-483c-4a5c-9824-919c674726e9', '2026-03-12'),
  ('b1000000-0000-0000-0000-000000000002', '바닥이랑 톤 맞춰야 함', '69e51d46-483c-4a5c-9824-919c674726e9', '2026-03-11'),
  ('b1000000-0000-0000-0000-000000000003', '3월 말까지 주문해야 4월에 받을 수 있음', '220b1d64-6d54-4a00-998b-612dd02a6d62', '2026-03-08'),
  ('b1000000-0000-0000-0000-000000000005', '습기에 강한 등급으로 골라야 함 (IP44 이상)', '220b1d64-6d54-4a00-998b-612dd02a6d62', '2026-03-14');

-- 19. 변경 이력
INSERT INTO board_item_history (board_item_id, action, user_id, created_at) VALUES
  ('b1000000-0000-0000-0000-000000000001', '항목 생성', '220b1d64-6d54-4a00-998b-612dd02a6d62', '2026-03-05'),
  ('b1000000-0000-0000-0000-000000000001', '후보 2개 추가', '220b1d64-6d54-4a00-998b-612dd02a6d62', '2026-03-10'),
  ('b1000000-0000-0000-0000-000000000001', 'A사 마이크로시멘트로 결정', '69e51d46-483c-4a5c-9824-919c674726e9', '2026-03-15'),
  ('b1000000-0000-0000-0000-000000000001', '구매 완료', '220b1d64-6d54-4a00-998b-612dd02a6d62', '2026-03-20'),
  ('b1000000-0000-0000-0000-000000000003', '항목 생성', '220b1d64-6d54-4a00-998b-612dd02a6d62', '2026-03-05'),
  ('b1000000-0000-0000-0000-000000000003', '이천 공방 방문', '69e51d46-483c-4a5c-9824-919c674726e9', '2026-03-08'),
  ('b1000000-0000-0000-0000-000000000003', '분청 라운드볼로 결정', '220b1d64-6d54-4a00-998b-612dd02a6d62', '2026-03-10'),
  ('b1000000-0000-0000-0000-000000000004', '온라인 구매 완료', '220b1d64-6d54-4a00-998b-612dd02a6d62', '2026-03-12');

-- 20. 문/창문
INSERT INTO door_windows (space_id, type, wall, position, width) VALUES
  ('50000000-0000-0000-0000-000000000001', 'door', 'right', 0.5, 30),
  ('50000000-0000-0000-0000-000000000002', 'door', 'bottom', 0.3, 35),
  ('50000000-0000-0000-0000-000000000004', 'door', 'right', 0.15, 30),
  ('50000000-0000-0000-0000-000000000005', 'door', 'bottom', 0.5, 35),
  ('50000000-0000-0000-0000-000000000002', 'window', 'top', 0.5, 50),
  ('50000000-0000-0000-0000-000000000002', 'window', 'right', 0.4, 45),
  ('50000000-0000-0000-0000-000000000003', 'window', 'bottom', 0.5, 50),
  ('50000000-0000-0000-0000-000000000004', 'window', 'left', 0.5, 35);
